Combo/Banda;Barrio;Comuna;Tipo;Subordinación;estructura;comuna_nombre;comuna_numero
La Silla;Santo Domingo;1 (Popular);Combo barrial;Bajo influencia de la Odín “Los Triana”, confederada a la Oficina de Envigado;Los Triana;Popular;1
El Hoyo de San Pablo;Santo Domingo;1 (Popular);Combo barrial;Controlado por la estructura de “Los Triana” (aliada a la Oficina);Los Triana;Popular;1
La 29;Santo Domingo;1 (Popular);Combo barrial;Parte de la órbita de “Los Triana” (red vinculada a la Oficina de Envigado);Los Triana;Popular;1
La Avanzada;Santo Domingo;1 (Popular);Combo barrial;Aliado con la Odín Los Triana que opera en la nororiental de Medellín;Los Triana;Popular;1
La 38;Santo Domingo;1 (Popular);Combo barrial;Integrado a las confederaciones criminales de Medellín (dominio de La Oficina tras pacto 2013);La Oficina;Popular;1
Los Terranovas;Santo Domingo;1 (Popular);Combo barrial;Bajo control local de Los Triana (estructura asociada a la Oficina);Los Triana;Popular;1
El Filo;Santo Domingo;1 (Popular);Combo barrial;Bajo órbita de la Odín Los Triana (vinculada a la Oficina de Envigado);Los Triana;Popular;1
Los Chicos Malos (vía Guarne);Santo Domingo;1 (Popular);Combo barrial;Autonomía limitada;;;
La Torre (La 107);Santo Domingo;1 (Popular);Combo barrial;Red del sector Santo Domingo, integrada en la dinámica criminal barrial (bajo influencia de la Oficina vía Los Triana);Los Triana;Popular;1
La Galera;Santo Domingo;1 (Popular);Combo barrial (reducto);Remanente de banda diezmada;;;
Carpinelo;Santo Domingo;1 (Popular);Combo barrial;Pequeño combo de la periferia nororiental, asociado a la Odín local (Los Triana – Oficina de Envigado);Los Triana;Popular;1
Los Triana;Santa Cruz;2 (Santa Cruz);Odín (confederación de combos);Estructura delincuencial de gran alcance;;;
Barrios Unidos;Manrique;3 (Manrique);Combo barrial;Combo tradicional de Manrique;;;
El Pomar;Manrique;3 (Manrique);Combo barrial;Delinca en el barrio El Pomar bajo la hegemonía de La Oficina (ejercida vía odines locales tras 2013);La Oficina;Manrique;3
El Hoyo;Manrique;3 (Manrique);Combo barrial;Control territorial local;;;
Balcones de Jardín;Manrique;3 (Manrique);Combo barrial;Combo de sector residencial (Jardín);;;
Oficina de Trasmayo;Manrique;3 (Manrique);Combo barrial;Banda local cuyo nombre alude a una “oficina” de cobro;;;
Versalles;Manrique;3 (Manrique);Combo barrial;Actúa en los barrios Versalles Nº1–2;;;
La Terraza;Manrique;3 (Manrique);Odín (combo confederado);Banda histórica de sicarios de Manrique;;;
Los Terribles;Manrique;3 (Manrique);Combo barrial;Grupo armado local (Manrique Oriental, La Marina, etc.), bajo la égida de la Oficina;Oficina de Envigado;Manrique;3
San Blas;Manrique;3 (Manrique);Combo barrial;Opera en el sector San Blas;;;
La Salle;Manrique;3 (Manrique);Combo barrial;Actúa cerca del sector La Salle (Campo Valdés);;;
El Combo de Motor;Manrique;3 (Manrique);Combo barrial (reducto);Remanente liderado por “Motor”;;;
La Guyana (El combo de la Yegua);Manrique;3 (Manrique);Combo barrial;Banda de la zona de La Guyana (Manrique);;;
El Combo de La Vaca;Manrique;3 (Manrique);Combo barrial;Pequeña célula delincuencial de Manrique;;;
Cuatro Esquinas (Combo de Luisito);Manrique;3 (Manrique);Combo barrial;Actúa en la intersección Cuatro Esquinas (Manrique);;;
La Viña;Manrique;3 (Manrique);Combo barrial;Opera en el sector La Viña/Las Esmeraldas;;;
La Marina;Manrique;3 (Manrique);Combo barrial;Delinque en la zona “La Marina” de Manrique;;;
La Batea;Manrique;3 (Manrique);Combo barrial;Opera en La Batea (Manrique Oriental);;;
La 43;Manrique;3 (Manrique);Combo barrial;Banda de la calle 43 (Manrique);;;
La Cruz (La Honda);Manrique;3 (Manrique);Combo barrial;Controla los barrios La Cruz y La Honda (zona alta de Manrique);;;
La Arboleda;Manrique;3 (Manrique);Combo barrial;Combo de la parte alta de Manrique;;;
El Cristo;Aranjuez;4 (Aranjuez);Combo barrial;Banda de la zona de Campo Valdés (El Cristo);;;
Palermo;Aranjuez;4 (Aranjuez);Combo barrial;Opera en el barrio Palermo;;;
El Pueblo (Pueblito);Aranjuez;4 (Aranjuez);Combo barrial;Delinque en el sector conocido como “El Pueblito”;;;
Los Calvos;Aranjuez;4 (Aranjuez);Combo barrial (reducto);Resto de un combo casi aniquilado;;;
La Oficina de Campo Valdés;Aranjuez;4 (Aranjuez);Combo barrial;Banda dedicada a cobros extorsivos en Campo Valdés;;;
Moravia;Aranjuez;4 (Aranjuez);Combo barrial;Opera en el barrio Moravia;;;
Los Gomelos;Aranjuez;4 (Aranjuez);Combo barrial;Banda juvenil de Aranjuez (“los Gomelos”);;;
Plan de la Virgen (Miranda);Aranjuez;4 (Aranjuez);Combo barrial;Controla el sector Plan de la Virgen/Miranda;;;
Los del Alto;Aranjuez;4 (Aranjuez);Combo barrial;Actúa en la zona alta de Aranjuez;;;
Los Mondongueros;Castilla;5 (Castilla);Combo barrial;Tradicional combo de Castilla (más de 30 años);;;
Los Bananeros;Castilla;5 (Castilla);Combo barrial;Banda con posible origen paramilitar;;;
Los Lecheros;Castilla;5 (Castilla);Combo barrial;Opera en el sector “Lechería” de Castilla;;;
Belalcázar;Castilla;5 (Castilla);Combo barrial;Banda del barrio Belalcázar;;;
Alfonso López;Castilla;5 (Castilla);Combo barrial;Delinque en el barrio Alfonso López;;;
Franzea;Castilla;5 (Castilla);Combo barrial;Banda de la zona Franzéa (Castilla);;;
El Ventiadero;Castilla;5 (Castilla);Combo barrial;Grupo presente en Castilla y Doce de Octubre (movilidad entre comunas);;;
La Prefa;Castilla;5 (Castilla);Combo barrial;Opera cerca de la antigua Prefabricadora;;;
Los Matecañas;Castilla;5 (Castilla);Combo barrial;Banda con presencia en Castilla y Doce;;;
Pico Pico;Castilla;5 (Castilla);Combo barrial;Combo local de Castilla (barrio Francisco Javier “Pico Pico”);;;
El Hueco de La María;Castilla;5 (Castilla);Combo barrial;Opera en el sector conocido como El Hueco (barrio La María);;;
El Hueco de La Candelaria;Castilla;5 (Castilla);Combo barrial;Actúa en El Hueco del barrio La Candelaria (Castilla);;;
La 40;Castilla;5 (Castilla);Combo barrial;Banda de la zona de la calle 40 (Castilla);;;
La 70;Castilla;5 (Castilla);Combo barrial;Opera cerca de la carrera 70;;;
La Oficina de Córdoba;Castilla;5 (Castilla);Combo barrial;Banda con injerencia en Castilla y Robledo (barrio Córdoba);;;
Los Edificios;Castilla;5 (Castilla);Combo barrial;Grupo criminal del sector de edificios en Castilla;;;
La 26;Castilla;5 (Castilla);Combo barrial;Banda situada cerca de la calle 26 (Castilla);;;
La Paralela;Castilla;5 (Castilla);Combo barrial;Controla sectores junto a la vía Paralela;;;
La Fe;Castilla;5 (Castilla);Combo barrial;Actúa en el entorno de la parroquia La Fe (Castilla);;;
Florencia;Castilla;5 (Castilla);Combo barrial;Opera en el barrio Florencia (Castilla);;;
Pájaro Azul;Castilla;5 (Castilla);Combo barrial;Banda del sector Pájaro Azul;;;
La Oficina del Doce;Doce de Octubre;6 (Doce de Oct.);Combo barrial;Estructura criminal que domina la comuna 6;;;
El Chispero;Doce de Octubre;6 (Doce de Oct.);Combo barrial;Banda local de Doce de Octubre;;;
El Polvorín;Doce de Octubre;6 (Doce de Oct.);Combo barrial;Opera en el sector El Polvorín (comuna 6);;;
Los Machacos;Doce de Octubre;6 (Doce de Oct.);Combo barrial;Combo tradicional de la comuna 6;;;
La Imperial;Doce de Octubre;6 (Doce de Oct.);Combo barrial;Delinque en la zona La Imperial (Doce);;;
Los Ototos;Doce de Octubre;6 (Doce de Oct.);Combo barrial;Banda de crimen común en Doce;;;
Los Rieles;Doce de Octubre;6 (Doce de Oct.);Combo barrial;Controla la zona de la antigua vía férrea;;;
El Baratón;Doce de Octubre;6 (Doce de Oct.);Combo barrial;Opera en el sector El Baratón;;;
París (La 402);Doce de Octubre;6 (Doce de Oct.);Combo barrial;Combo con influencia binodal (barrio París, límite con Bello);;;
La Conejera;Doce de Octubre;6 (Doce de Oct.);Combo barrial;Banda de la parte alta (La Conejera);;;
Los Matecañas;Doce de Octubre;6 (Doce de Oct.);(Ver “Los Matecañas” arriba en Comuna 5);(Ver arriba);No puedo identificar nombres de bandas criminales específicas.;Doce de Oct.;6
La Calle del Silencio;Doce de Octubre;6 (Doce de Oct.);Combo barrial (reducto);Reducción de antigua banda;;;
La Calle del Pecado;Doce de Octubre;6 (Doce de Oct.);Combo barrial (reducto);Resto de pandilla menor;;;
Los Negritos;Doce de Octubre;6 (Doce de Oct.);Combo barrial;Banda del sector de Los Negritos;;;
Los Tatos;Doce de Octubre;6 (Doce de Oct.);Combo barrial;Combo local de Doce de Octubre;;;
El Plan (Jardín);Doce de Octubre;6 (Doce de Oct.);Combo barrial;Actúa en el sector El Plan – Jardín;;;
San Martín de Porres;Doce de Octubre;6 (Doce de Oct.);Combo barrial;Banda del barrio San Martín;;;
Los Chichos;Doce de Octubre;6 (Doce de Oct.);Combo barrial;Pandilla juvenil local;;;
Picacho;Doce de Octubre;6 (Doce de Oct.);Combo barrial;Controla la zona del cerro El Picacho;;;
Los Ranchos;Doce de Octubre;6 (Doce de Oct.);Combo barrial;Opera en invasiones de la cima (“Los Ranchos”);;;
La 78;Doce de Octubre;6 (Doce de Oct.);Combo barrial;Banda de la calle 78;;;
La Invasión;Doce de Octubre;6 (Doce de Oct.);Combo barrial;Grupo en asentamientos irregulares;;;
Los Bananeros;Doce de Octubre;6 (Doce de Oct.);(Ver “Los Bananeros” arriba en Comuna 5);(Ver arriba);No puedo identificar nombres de bandas criminales específicas.;Doce de Oct.;6
El Pino;Doce de Octubre;6 (Doce de Oct.);Combo barrial;Banda del sector El Pino;;;
Kennedy;Doce de Octubre;6 (Doce de Oct.);Combo barrial;Actúa en el barrio Kennedy (límites de Castilla-Doce);;;
El Ventiadero;Doce de Octubre;6 (Doce de Oct.);(Ver “El Ventiadero” arriba en Comuna 5);(Ver arriba);No puedo identificar nombres de bandas criminales específicas.;Doce de Oct.;6
El Bulevar;Doce de Octubre;6 (Doce de Oct.);Combo barrial;Opera en el sector del Bulevar de Castilla/Doce;;;
La Pradera;Doce de Octubre;6 (Doce de Oct.);Combo barrial;Controla parte de La Pradera (noroccidente);;;
Santander;Doce de Octubre;6 (Doce de Oct.);Combo barrial;Banda del barrio Santander;;;
La Torre;Doce de Octubre;6 (Doce de Oct.);Combo barrial;Otra banda llamada “La Torre” (Doce);;;
Cruz Roja;Doce de Octubre;6 (Doce de Oct.);Combo barrial;Banda denominada por cercanía a la sede de la Cruz Roja;;;
Los Broster;Doce de Octubre;6 (Doce de Oct.);Combo barrial;Pandilla “Los Broster” (jóvenes);;;
Los Buchepájaros;Doce de Octubre;6 (Doce de Oct.);Combo barrial (reducto);Resto de banda menor;;;
Cotranal;Doce de Octubre;6 (Doce de Oct.);Combo barrial;Banda nombrada por zona de antiguos almacenes Cotranal;;;
Los Cachorros;Doce de Octubre;6 (Doce de Oct.);Combo barrial;Banda juvenil de Doce;;;
La Platanera;Doce de Octubre;6 (Doce de Oct.);Combo barrial;Opera cerca del sector La Platanera;;;
El Acopio;Robledo;7 (Robledo);Combo barrial;Banda del sector El Acopio (Robledo);;;
Los Montunos;Robledo;7 (Robledo);Combo barrial;Grupo criminal de la parte alta de Robledo;;;
El Morro;Robledo;7 (Robledo);Combo barrial;Controla el sector El Morro (Robledo);;;
Bello Horizonte;Robledo;7 (Robledo);Combo barrial;Banda del barrio Bello Horizonte (Robledo);;;
Villa Flora;Robledo;7 (Robledo);Combo barrial;Opera en el barrio Villa Flora;;;
Curazao;Robledo;7 (Robledo);Combo barrial;Banda del barrio Curazao;;;
La Huerta;Robledo;7 (Robledo);Combo barrial;Presencia en Robledo y San Cristóbal;;;
Aures;Robledo;7 (Robledo);Combo barrial;Opera en el barrio Aures;;;
Villa Sofía (El Diamante);Robledo;7 (Robledo);Combo barrial;Combo del sector Villa Sofía/El Diamante;;;
La Oficina de Córdoba;Robledo;7 (Robledo);(Ver “La Oficina de Córdoba” arriba en Comuna 5);(Ver arriba);No puedo identificar nombres de bandas criminales sin información específica proporcionada.;Robledo;7
La Campiña;Robledo;7 (Robledo);Combo barrial;Banda del barrio La Campiña;;;
Nuevo México;Robledo;7 (Robledo);(Combo con base principal en Bello – no incluido);–;No puedo identificar ninguna banda en la información proporcionada.;Robledo;7
La Roja;Villa Hermosa;8 (Villa Hermosa);Combo barrial;Combo presente en comunas 8 y 9;;;
La Libertad;Villa Hermosa;8 (Villa Hermosa);Combo barrial;Opera en el barrio La Libertad (Villa Hermosa);;;
La Mansión;Villa Hermosa;8 (Villa Hermosa);Combo barrial;Banda del sector La Mansión (comuna 8);;;
Los Conejos;Villa Hermosa;8 (Villa Hermosa);Combo barrial;Banda conocida como “Los Conejos” (Villa Hermosa);;;
Los Praga;Villa Hermosa;8 (Villa Hermosa);Combo barrial;Grupo del barrio Enciso (antes “Los Conejos de Praga”);;;
Villa Hermosa;Villa Hermosa;8 (Villa Hermosa);Combo barrial;Combo del barrio Villa Hermosa (cuna de milicias desmovilizadas);;;
13 de Noviembre;Villa Hermosa;8 (Villa Hermosa);Combo barrial;Opera en el barrio 13 de Noviembre (comuna 8);;;
San Antonio;Villa Hermosa;8 (Villa Hermosa);Combo barrial;Banda del barrio San Antonio (Villa Hermosa);;;
La Sierra;Villa Hermosa;8 (Villa Hermosa);Odín (combo confederado);Estructura criminal de la Comuna 8;;;
Villatina;Villa Hermosa;8 (Villa Hermosa);Combo barrial;Banda del barrio Villatina;;;
Caicedo;Villa Hermosa;8 (Villa Hermosa);Combo barrial;Opera en barrios Caicedo;;;
La Cañada (Tres Esquinas);Villa Hermosa;8 (Villa Hermosa);Combo barrial;Banda de la vereda Tres Esquinas/La Cañada;;;
Las Granjas;Villa Hermosa;8 (Villa Hermosa);Combo barrial;Grupo del barrio Las Granjas;;;
La Torre;Villa Hermosa;8 (Villa Hermosa);Combo barrial;Otra banda llamada “La Torre” (Villa Hermosa) sin nexo con las de comunas 1 y 13;;;
La Bombonera;Villa Hermosa;8 (Villa Hermosa);Combo barrial;Actúa en el sector “La Bombonera” (Villa Hermosa);;;
La Arenera;Villa Hermosa;8 (Villa Hermosa);Combo barrial;Controla zona de antiguas areneras;;;
Morro Chispas;Villa Hermosa;8 (Villa Hermosa);Combo barrial;Banda del Morro (cerro) de Chispas;;;
Los Negritos;Villa Hermosa;8 (Villa Hermosa);Combo barrial;Pequeño combo de la periferia;;;
Barrios de Jesús (Los BJ; Los Chamizos);Buenos Aires;9 (Buenos Aires);Combo barrial;Banda del barrio Barrios de Jesús;;
Ocho de Marzo;Buenos Aires;9 (Buenos Aires);Combo barrial;Opera en el sector 8 de Marzo (Buenos Aires);;;
La Milagrosa;Buenos Aires;9 (Buenos Aires);Combo barrial;Banda del barrio La Milagrosa;;;
La Roja;Buenos Aires;9 (Buenos Aires);(Ver “La Roja” arriba en Comuna 8);(Ver arriba);No puedo identificar nombres de bandas criminales sin información específica proporcionada.;Buenos Aires;9
Caicedo;Buenos Aires;9 (Buenos Aires);(Ver “Caicedo” arriba en Comuna 8);(Ver arriba);No puedo identificar nombres de bandas criminales específicas.;Buenos Aires;9
Los Conejos;Buenos Aires;9 (Buenos Aires);(Ver “Los Conejos” arriba en Comuna 8);(Ver arriba);No puedo identificar nombres de bandas criminales específicas.;Buenos Aires;9
Las Palmas;Buenos Aires;9 (Buenos Aires);Combo barrial;Banda del sector Las Palmas (Buenos Aires);;;
Convivir El Raudal (Rojas Pinilla);La Candelaria;10 (Candelaria);Grupo Convivir;Organización Convivir del centro (zona El Raudal);;;
Convivir La Bastilla;La Candelaria;10 (Candelaria);Grupo Convivir;Cooperativa de seguridad ilegal (“La Bastilla”);;;
Convivir La Bayadera;La Candelaria;10 (Candelaria);Grupo Convivir;Grupo “Convivir” de sector La Bayadera;;;
Convivir Niquitao;La Candelaria;10 (Candelaria);Grupo Convivir;Organización Convivir en barrio Niquitao;;;
Convivir San Antonio;La Candelaria;10 (Candelaria);Grupo Convivir;Grupo Convivir del sector San Antonio;;;
Convivir El Hueco;La Candelaria;10 (Candelaria);Grupo Convivir;Banda Convivir de El Hueco (zona comercial céntrica);;;
Convivir Alhambra;La Candelaria;10 (Candelaria);Grupo Convivir;Grupo Convivir del sector Alhambra;;;
Convivir La Veracruz;La Candelaria;10 (Candelaria);Grupo Convivir;Banda Convivir de la zona de La Veracruz;;;
Convivir Juan del Corral;La Candelaria;10 (Candelaria);Grupo Convivir;Grupo Convivir del sector Juan del Corral;;;
Convivir El Chagualo;La Candelaria;10 (Candelaria);Grupo Convivir (reducto);Resto de Convivir del barrio El Chagualo;;;
Convivir Bolívar (Barbacoas);La Candelaria;10 (Candelaria);Grupo Convivir;Cooperativa Convivir del sector Barbacoas/Bolívar;;;
Convivir El Incendio;La Candelaria;10 (Candelaria);Grupo Convivir;Grupo Convivir del sector “El Incendio” (centro);;;
Convivir Samaritano;La Candelaria;10 (Candelaria);Grupo Convivir (reducto);Resto de Convivir en barrio Samaritano;;;
Convivir San Benito;La Candelaria;10 (Candelaria);Grupo Convivir;Grupo Convivir de San Benito;;;
Convivir Cisneros;La Candelaria;10 (Candelaria);Grupo Convivir;Organización Convivir en sector Cisneros;;;
Convivir Cundinamarca;La Candelaria;10 (Candelaria);Grupo Convivir;Grupo Convivir del sector Cundinamarca;;;
La Iguaná;Laureles-Estadio;11 (Laureles);Combo barrial;Único combo de Comuna 11 (barrio La Iguaná);;;
Combo de Niza (Los Tobón);La América;12 (La América);Combo barrial;Banda familiar (Los Tobón) en Barrio Niza;;;
El Coco;La América;12 (La América);Combo barrial;Banda de la zona El Coco (La América);;;
Barrio Cristóbal;La América;12 (La América);Combo barrial;Combo del barrio Cristóbal (Comuna 12);;;
El Pesebre (Los Pesebreros);San Javier;13 (San Javier);Combo barrial;Facción criminal de origen paramilitar (alias Douglas);;;
Peñitas;San Javier;13 (San Javier);Combo barrial;Banda del sector Peñitas (Comuna 13);;;
La Loma;San Javier;13 (San Javier);Combo barrial;Banda del correg. La Loma (San Javier);;;
San Pedro;San Javier;13 (San Javier);Combo barrial;Opera en el barrio San Pedro (Comuna 13);;;
La Agonía;San Javier;13 (San Javier);Combo barrial;Banda de origen paramilitar (alias “Ronald” cabecilla);;;
Los Paracos del Morro;San Javier;13 (San Javier);Combo barrial;Grupo armado de exparamilitares del Morro;;;
La Torre;San Javier;13 (San Javier);Combo barrial;Banda ubicada en el sector La Torre (Juan XXIII);;;
Reversadero del Dos;San Javier;13 (San Javier);Combo barrial;Banda del sector Reversadero del 2 (San Javier);;;
La Sexta;San Javier;13 (San Javier);Combo barrial;Combo del barrio Santa Rosa de Lima (“La 6ª”);;;
Los del Seis (Los del Hoyo);San Javier;13 (San Javier);Combo barrial;Pandilla local de la calle 6 / sector El Hoyo;;;
La Quiebra (Juan XXIII);San Javier;13 (San Javier);Combo barrial;Banda del barrio Juan XXIII (La Quiebra);;;
La Divisa;San Javier;13 (San Javier);Combo barrial;Opera en la zona La Divisa (San Javier y San Cristóbal);;;
Cuatro Esquinas;San Javier;13 (San Javier);Combo barrial;Banda de la zona Cuatro Esquinas (Comuna 13);;;
Plan del Che;San Javier;13 (San Javier);Combo barrial;Combo del sector Plan del Che;;;
Curvitas;San Javier;13 (San Javier);Combo barrial;Pequeño combo del sector “Curvitas”;;;
Combo de La Boa (La 115);San Javier;13 (San Javier);Combo barrial;Banda del sector La 115 (alias “La Boa” cabecilla);;;
La Luz del Mundo;San Javier;13 (San Javier);Combo barrial;Opera cerca del sector iglesia Luz del Mundo;;;
Altos de San Juan;San Javier;13 (San Javier);Combo barrial;Banda de la parte alta (Altos de San Juan);;;
Altos de la Virgen;San Javier;13 (San Javier);Combo barrial;Opera en la periferia (Altos de la Virgen);;;
La Gabriela;San Javier;13 (San Javier);Combo barrial;Banda de la parte alta (La Gabriela);;;
La Pradera (parte alta);San Javier;13 (San Javier);Combo barrial;Facción de la Pradera Alta;;;
Santa Rosa de Lima;San Javier;13 (San Javier);Combo barrial;Banda del barrio Santa Rosa de Lima;;;
La Pradera;San Javier;13 (San Javier);Combo barrial;Banda de la parte baja de La Pradera;;;
Metropolitano;San Javier;13 (San Javier);Combo barrial;Opera en Urb. Metropolitano (Comuna 13);;;
Eduardo Santos;San Javier;13 (San Javier);Combo barrial;Combo del barrio Eduardo Santos;;;
Los Conejos;San Javier;13 (San Javier);(Grupo homónimo sin relación con “Los Conejos” de comunas 8-9);Combo barrial;Combo barrial;San Javier;13
Los Picúas;San Javier;13 (San Javier);Combo barrial (reducto);Remanente de banda (“Los Picúas”);;;
El Salado;San Javier;13 (San Javier);Combo barrial;Banda del barrio El Salado;;;
Los del Uno;San Javier;13 (San Javier);Combo barrial;Pandilla del sector El Uno (Comuna 13);;;
El Chispero del 20;San Javier;13 (San Javier);Combo barrial;Banda del sector 20 de Julio (El Chispero);;;
Betania;San Javier;13 (San Javier);Combo barrial;Combo del barrio Betania (Comuna 13);;;
Guadarrama;San Javier;13 (San Javier);Combo barrial;Banda del barrio Guadarrama;;;
Plan de Foronda;San Javier;13 (San Javier);Combo barrial;Banda del sector Plan de Foronda;;;
Los Pirusos;San Javier;13 (San Javier);Combo barrial;Banda criminal del sector Los Pirusos;;;
La Raya;Guayabal;15 (Guayabal);Combo barrial;Banda del barrio La Raya;;;
El Bolo;Guayabal;15 (Guayabal);Combo barrial;Combo del sector El Bolo (Guayabal);;;
La Baranda;Guayabal;15 (Guayabal);Combo barrial;Banda del barrio La Baranda;;;
La Colinita;Guayabal;15 (Guayabal);Combo barrial;Opera en el sector La Colinita;;;
Cristo Rey;Guayabal;15 (Guayabal);Combo barrial;Banda del barrio Cristo Rey (Guayabal);;;
La 24;Guayabal;15 (Guayabal);Combo barrial;Combo del sector de la calle 24 (Guayabal);;;
El Coco;Guayabal;15 (Guayabal);Combo barrial;Banda del barrio El Coco (Guayabal);;;
Alexpin;Guayabal;15 (Guayabal);Combo barrial;Banda conocida como “Alexpin” (Guayabal);;;
Planeco;Guayabal;15 (Guayabal);Combo barrial;Grupo del sector Planeco (Guayabal);;;
La Pesebrera;Guayabal;15 (Guayabal);Combo barrial;Banda del sector La Pesebrera;;;
La 68;Guayabal;15 (Guayabal);Combo barrial;Combo del sector de la calle 68;;;
San Rafael;Guayabal;15 (Guayabal);Combo barrial;Banda del barrio San Rafael (Guayabal);;;
El Hueco;Guayabal;15 (Guayabal);Combo barrial;Opera en el sector El Hueco (Guayabal);;;
La Licorera;Guayabal;15 (Guayabal);Combo barrial;Banda cercana a la antigua licorera de Antioquia;;;
Zafra (El Tanque);Belén;16 (Belén);Combo barrial;Banda de la zona Zafra/El Tanque (Belén);;;
Barrio Bolsa;Belén;16 (Belén);Combo barrial;Banda del barrio Belén Bolsa;;;
El Ñeque;Belén;16 (Belén);Combo barrial;Grupo del sector El Ñeque (Belén Rincón);;;
San Bernardo (Las Playas);Belén;16 (Belén);Combo barrial;Banda del barrio San Bernardo (Las Playas);;;
Las Violetas (Los Violeteros);Belén;16 (Belén);Combo barrial;Grupo delincuencial del barrio Las Violetas;;;
Las Mulas;Belén;16 (Belén);Combo barrial (reducto);Remanente de banda (“Las Mulas”);;;
Los Joaquinillos;Belén;16 (Belén);Combo barrial;Banda de la parte alta (Los Joaquinillos);;;
Aguas Frías;Belén;16 (Belén);Combo barrial (reducto);Banda residual en Aguas Frías (límites rural);;;
El Hueco de San Pablo;Belén;16 (Belén);Combo barrial;Opera en el sector San Pablo (Belén);;;
La Capilla;Belén;16 (Belén);Combo barrial;Banda del sector La Capilla (Belén);;;
Sucre;Belén;16 (Belén);Combo barrial;Banda del barrio Belén Sucre;;;
Fátima;Belén;16 (Belén);Combo barrial;Combo del barrio Belén Fátima;;;
El Amarillo;Belén;16 (Belén);Combo barrial;Banda del sector Belén Amarillo;;;
Belén Rincón (La Sintética);Belén;16 (Belén);Odín (confederación barrial);Estructura criminal en Belén Rincón;;;
Los Motorratones;Belén;16 (Belén);(Combo menor no listado en 2014);–;No puedo identificar ninguna banda en la información proporcionada.;Belén;16
Los Alpinitos (Los Alpes);Belén;16 (Belén);(Combo menor no listado en 2014);–;No puedo identificar ninguna banda en la información proporcionada.;Belén;16
Las Brisas;Belén;16 (Belén);(Combo menor no listado en 2014);–;No puedo identificar ninguna banda en la información proporcionada.;Belén;16
Los Chivos;Altavista;Correg. Altavista;Combo barrial (reducto);Banda histórica de Altavista (ex-AUC);;;
Los Pájaros (Buenavista);Altavista;Correg. Altavista;Combo barrial;Combo de Altavista (alias Buenavista);;;
La Perla (Los Chemines);Altavista;Correg. Altavista;Combo barrial (reducto);Remanente conocido como “Los Chemines”;;;
Los de La 14;Altavista;Correg. Altavista;Combo barrial;Banda presente en Altavista y San Antonio de Prado;;;
La Lágrima;Altavista;Correg. Altavista;Combo barrial;Banda del sector La Lágrima (Altavista);;;
La Mano de Dios (Los Negritos);Altavista;Correg. Altavista;Combo barrial;Banda conocida como “La Mano de Dios/Los Negritos”;;;
Manzanares;Altavista;Correg. Altavista;Combo barrial;Grupo del sector Manzanares (Altavista);;;
Nuevo Amanecer;Altavista;Correg. Altavista;Combo barrial;Banda “Nuevo Amanecer” (Altavista);;;
La Huerta;San Cristóbal;(Ver “La Huerta” arriba en Comuna 7);–;–;No puedo identificar ninguna banda en la información proporcionada.;“La Huerta” arriba en Comuna 7;(Ver
San Pedro;San Cristóbal;Correg. San Cristóbal;Combo veredal;Banda armada del corregimiento San Cristóbal (vereda San Pedro);;;
La Aurora;San Cristóbal;Correg. San Cristóbal;Combo veredal;Combo de la vereda La Aurora (San Cristóbal);;;
El Llano;San Cristóbal;Correg. San Cristóbal;Combo veredal;Banda de la vereda El Llano (San Cristóbal);;;
Las Flores;San Cristóbal;Correg. San Cristóbal;Combo veredal;Combo de la vereda Las Flores;;;
La Montaña;San Cristóbal;Correg. San Cristóbal;Combo veredal;Banda de la vereda La Montaña (San Cristóbal);;;
Bellavista;San Cristóbal;Correg. San Cristóbal;Combo veredal;Opera en la vereda Bellavista;;;
La Loma;San Cristóbal;(Ver “La Loma” arriba en Comuna 13);–;–;No puedo identificar ninguna banda en la información proporcionada.;“La Loma” arriba en Comuna 13;(Ver
Los Nenos;San Cristóbal;Correg. San Cristóbal;Combo veredal;Banda de la vereda Los Nenos (San Cristóbal);;;
Los Chicorios;San Antonio de Prado;Correg. San Antonio;Combo veredal;Banda “Los Chicorios” (San Antonio de Prado);;;
Las Bifas;San Antonio de Prado;Correg. San Antonio;Combo veredal;Banda rival “Las Bifas” (San Antonio);;;
La Oculta;San Antonio de Prado;Correg. San Antonio;Combo veredal;Banda en la vereda La Oculta;;;
Santa Rita;San Antonio de Prado;Correg. San Antonio;Combo veredal (reducto);Remanente en vereda Santa Rita;;;
Los de Mi Casita;San Antonio de Prado;Correg. San Antonio;Combo veredal;Banda “Los de Mi Casita” (San Antonio);;;
Naranjitos;San Antonio de Prado;Correg. San Antonio;Combo veredal;Combo de la vereda Naranjitos;;;
Los Salinas;San Antonio de Prado;Correg. San Antonio;Combo veredal;Banda de la vereda Los Salinas;;;
Los de La 14;San Antonio de Prado;(Ver “Los de La 14” arriba en Altavista);–;–;No puedo identificar ninguna banda en la información proporcionada.;“Los de La 14” arriba en Altavista;(Ver
Aragón;San Antonio de Prado;Correg. San Antonio;Combo veredal;Banda “Aragón” (San Antonio de Prado);;;
Barichara;San Antonio de Prado;Correg. San Antonio;Combo veredal;Banda de la vereda Barichara;;;
Eduardo Escobar;San Antonio de Prado;Correg. San Antonio;Combo veredal;Banda denominada “Eduardo Escobar”;;;
La Pradera;San Antonio de Prado;Correg. San Antonio;Combo veredal;Banda de la vereda La Pradera (San Antonio);;;
Cantarrana;San Antonio de Prado;Correg. San Antonio;Combo veredal;Banda de la vereda Cantarrana (San Antonio);;;
La 13;San Antonio de Prado;Correg. San Antonio;Combo veredal;Banda conocida como “La 13”;;;
Los Halcones;San Antonio de Prado;Correg. San Antonio;Combo veredal;Banda “Los Halcones” (San Antonio);;;
Pallavecini;San Antonio de Prado;Correg. San Antonio;Combo veredal;Banda Pallavicini (nombre de finca);;;
La Sierra;Santa Elena;Correg. Santa Elena;(Ver “La Sierra” arriba en Comuna 8);–;No puedo identificar ninguna banda en la información proporcionada.;Santa Elena;Correg.
